published year,book,lexical_diversity
1926,1,0.074868
1927,2,0.08824
1933,3,0.108631
1935,4,0.07755
1950,5,0.089787
1952,6,0.099168
